Count,Username,User ID,Access Hash,Name
1,,6496614688,,ุงุจุฑุงููู
2,Rimo1_bot,6700304357,,ุจูุช ุณูุนูุฏูู
3,w42BoT,1752268523,,๐๐๐๐.
4,,6343176422,,๐พ๐ชุงุจูโค ุจุนุฏุงู๐
5,binai4,6788195669,,Ha
6,,6689904731,,.
7,Silla2_bot,6367186678,,ูููู ๐ข
8,digianti20bot,694894207,,โป DIGI ANTI โฆ
9,HHqw89,5971386516,,ุญููออูุณููออูููฐูู๐๐ถ
10,,5594497543,,ุนุจุงุณ
11,,1089801591,,ุจุฏุฑ
12,,1218571645,,T
13,,6879182542,,ุณุงูุฑ
14,ZXASERTYUIOP,6056648412,,ุนุฒูุฒ
15,,6869277682,,๐ค
16,,6074271822,,.
17,Dodo5_bot,6253516219,,ุฑูููู
18,,7135797211,,ยซููููุดููยปููููููููโ
19,,6258577294,,โก
20,,937682661,,๐ซก.
21,,6378838491,,ุจูุช ุงุจููุง
22,,6493411522,,Jibreel
23,,7157738603,,ุฑุณูุงู
24,gdwaAw,5565028132,,ุดุฑูู ุงูุณูุฏุงููู
25,Sheek7,6087403230,,ุตุงูู
26,Nodywer,5822382115,,Rem
27,,6078704664,,ูููุฑ
28,,2087663221,,.. Yemen..
29,,5954132514,,ุงุจู ุนุงุฏู
30,adboy_12345,910112787,,ููุชูููุฑูุฏู ุนูููููููโฅโขูู๐ปโก๏ธอขโธฝถึ
31,,6304429216,,ูุญูุฏ ูุญุณู
32,,1349255980,,ุณ
33,F_U_M,1282507210,,๐๐๐๐๐ใ เฟ ใ
34,,5078216864,,๐ุฃุจู ุงูุนุฒ๐
35,,6172502319,,ุณููุฑ
36,Gdddijvfyj,1475440520,,ูุฎูู
37,khaled_735,1672661650,,ุนุงุงุดู ุงูุญุฑูุฑ
38,amr78o,6295882669,,วแธพลร๐
39,,951108503,,โฃ๏ธ
40,,5191483649,,ุดูุฎ
41,Fhad57608,1266864716,,Mohamed
42,syN_771,684734667,,ุบูุฒุงู๐
43,,1932897539,,ุงูุฌุงุฑุญ
44,httpsllwkooooopppiipppp,7016996414,,๐๐ฐE๐ฉE๐ซ๐
45,,7064333235,,Aymen
46,,6650351830,,ุงุจู ุงูุดูุฎ
47,,5576767611,,ุงููููุฉ
48,,6090202519,,ุตูุนุงูู ูุฌููู
49,,6102257389,,ุงูููู ูู
50,,1722555462,,ุขูุขูููู๏ฎฏุฑุขู
51,,1961269743,,ูุฎุงูู ุงูููู
52,AAOQrr,7164675712,,ุณูุทุงู
53,,6238103448,,ุฃููู
54,,5434922784,,T
55,,6305011894,,...ุจุงุฑูุช
56,,6305272226,,Aseel
57,,1885922632,,ุณููููููููููุนูุฏHD
58,,6795473046,,ููู
59,Mhmwddha343,6318367315,,ุนุงุดู
60,,5643370215,,ุนุงุดู ุงูุตุฏุงูู
61,Moatas11,6728172918,,Aamoo
62,gror1234,5787896750,,ยฒุฌููููฐูู.
63,jgogigko,5484973337,,Jukar
64,,6008054569,,ุงูููุจ ุงูุญููู
65,,6865054288,,๐ฅ๐ฟ
66,alhusam22,6236928961,,ููุจู
67,,6988335400,,@
68,,7126857781,,&&&&
69,Ckkkug,6375291941,,..
70,as102i,2036627534,,ุขููุฌูเผาูุคูููเผาูุฑโก
71,burnous711,941280211,,bashar al.Hajj โค๐
72,,6280616887,,ูุฌููู
73,gyssser,833922129,,ููุตุฑ
74,Ss1992ss,339870182,,ูููู ๐๐ฅฐ๐
75,,5515018490,,ุงุจูุฒูุฏ
76,c_7ui,1227955638,,ุญุณู
77,Al_one_m23,6078072275,,ููุตูุช ุญูุงููโค๏ธ
78,,5597036216,,ุนูุงุฑ
79,,6806882434,,ููู
80,,6226962819,,ุนุงุงุงุงุฃุงุงุงูู
81,ahmed_20_yasuin,5985159524,,ูฒฮถูููืููแบซฤฅะผอรจฤูููืู
82,,6417100454,,ุนุจุฏุงููู
83,,2131790732,,โขยดยฏ`โขยป ุงูุฐูุจ ยซโขยดยฏ`โข
84,am_ar_w,6645553220,,ูููููุจูุฑ ๏ฏูโก๏ธโึโ
85,,6643306882,,ุงูููุจ ุงููุฌุฑูุญ 773367113
86,,651379796,,ุชุญุจ ูุงููุจู ูุงูุงุงูุถุญูู
87,a_xzp,5003956224,,๐ค
88,Lllllll3f,919715733,,K
89,,6808798089,,ุงุจูุงูุณ
90,,6927135259,,๐โค๏ธ
91,,6184090235,,ุงููููููููููฐููุฑ ุงููููููฐูููููููฐูููุงููู
92,,5074140513,,Andro
93,Mmnalll,6522924821,,ุงุงุงุงุง
94,,1858480989,,R
95,,5084589224,,๐โฝโุฒูฺชููโ ุฒู โ
96,,6095786553,,sja
97,,6388903310,,ุนุซูุงู
98,kccw19,1707957365,,_>_A_<_
99,,5978320584,,ูุญูุฏ
100,,5843934160,,&
101,,5651295332,,ูุญูุฏ ุนูู
102,,6772288115,,ุงุญูุฏ
103,bffcx,1463701703,,ูุงุชู ุงุญุฒุงูู
104,,6560057214,,vbb
105,OTlfH,6603113857,,ุงุณูุฑ ุงููููุจ
106,,6757220124,,ุงููุงููุจููโช๏นปููฐูฐูฐฌูููููููููฐูฐูฐูโชแญโูโชูุฑูุทูุฑูโ ุงููุนูุงููููเนอออออออออออ
107,DSAO96Y,6638572630,,ุ..
108,,6401504056,,ุงุฏูุจ
109,,1321770325,,66969
110,Alhomaryy,1855497203,,ูููุฑ
111,Mero02022,6997895757,,Mero
112,,6023341665,,ููู ุงูุฐูู
113,Hammwdi,637281926,,Mohammed
114,ROoMm_23,5945159889,,ูุงุฑูุฉุฉ ๐
115,Taofg,5675920831,,ูุฎุงูู
116,,5909973154,,ุงุณูุฑ ุงูุดูู
117,ghuilo7,2008566509,,ุนูููู๏ฎฏุฑูโโูู
118,,5351608743,,โกโูุงุชู ุงูุงุญุฒุงู
119,Agbxhk,6829188605,,Al-Jaladi
120,,1814872730,,.
121,,6848148683,,โค๏ธ
122,,6002808994,,ุญุจูุจู
123,,6423585716,,ูุญูุฏ
124,sr_515,6774432777,,ใุฌููุงุฑโช
125,,6024733510,,ุนุฒุงูุฏูู
126,nbvx2,6271978467,,ูุฑูู
127,,5800696230,,ุงุจู
128,,6885020429,,ุงุจู ุงูููู
129,,6296519903,,ูุง ุงุฌูู ุงูุงุดูุงุก ุนูุฏูุง ุชููู ุณุฑุงู
130,,5320615559,,ุตุงุญุจ ุตุงุญุจู
131,ssssss1_11,5054258800,,S
132,,5412662687,,ุขููุขุณูุทูููุฑูู ฮ
133,,900432138,,.
134,,6962217474,,v_5
135,,6460930285,,N
136,,5718605814,,ุนุงุดู
137,,5850344109,,ุฑูุงุถ
138,,7178467939,,ุงูุฒูุฑ
139,Romance_2022,118617995,,แิพแแฑเธ๊๊
140,Nashwen,955989142,,โกูุดุงูุณM ุงุจู ยฃLุญุฌู โก
141,Dgfgybott,5788831541,,ูุงูุฑูู
142,m909_x,894165343,,ูุญูุฏ ุงูุงุญูุฑู
143,,6942841029,,ุนุจุฏุงูุญููู
144,,6175290323,,๐ฅ
145,,5116828182,,ุนูุฑุงูู ูุฒุบู
146,,1822355114,,ุงููุฑ ูููุฑ ุงูุญุณูู
147,mayasude,6698446184,,Maya
148,n_mla,2145382226,,๐ถ๐ฃข_ุฎููฐูงูฐูฐูููอเนููซอููููชุขู ๐ฃข_โช_๐ค
149,,6445946999,,ูุดุงู
150,rafth7792,1597160215,,...
151,,6031261989,,ูุงุดู
152,,5256538458,,ุงูุนุฒ ุทุจุนู ูุงูููุงุก ุนููุงูู
153,,6490766592,,ููู ุงููููู
154,,6673839975,,AhmedTaha
155,,6049884517,,ุงููุฑ ุงูุญุจ๐คณ๐ป๐
156,s1wk12,733630063,,ููุตู
157,,6369321717,,ุงุจูุตููุจ
158,,6474442346,,ุนูู ุงููุญุทุงูู
159,,6825495580,,ูุญูุฏ
160,,6677676016,,ุนุฒูุฒ
161,,6345598838,,ูุญูุฏ ุณุนุฏ
162,AHMER_1901,646573699,,ุฎูู
163,,6356003472,,Fr
164,CR7omari,6786849685,,CR7
165,,6914778324,,ุญูุฏ
166,,6730435097,,ูุชุนุจ
167,Rr963b,1682426630,,mo.muhammrd
168,,5900723075,,Mhransaleh
169,h7mad7a123,5926841922,,Ahmad
170,,6766436970,,ุฏูุนุฉ
171,mhgdbn,5159414935,,ู
172,,6595104863,,ุงุจู ุนูู
173,,6274286800,,ุนูู ุงูุตุงูุฏู
174,,6653246454,,ู
175,Mr_911M,1605527865,,โโ ๐พ๐ชProfessor๐ธ๐ฆ๐จ๐ปโ๐ป
176,os181q,6353580137,,ุงุณุงูุฉ
177,,5809044285,,A
178,Aseel235,367005078,,ุนุนููููุงููยนยฒ๐ฒ
179,aih70,6335798066,,ููุจ ูุงุณู ๐
180,,5803409266,,ุฑูุงุถ
181,,2034560657,,A
182,shamsznty5,5500524458,,Shams
183,,6405866223,,ุงุตูุฑ
184,,6932113437,,.
185,,7089925200,,
186,,963083955,,Y
187,Al_amin_a,1495159907,,Al amin.
188,,6085752262,,ุงุจู ูุญูุฏ
189,,5949250522,,ุงูุงุณุทูุฑู๐
190,,5543377511,,๐ฐ แฏ ๏บ๏บ๏ปฃ๏ปด๏นป๏นป๏บฎ ุฃูุบ๏นปุฑุขุขู หน๐ฆหผ๐ญ
191,,5635715599,,ุงุตุนุจ ุดู
192,,5242294169,,As
193,,6901123556,,ุด
194,,6871366370,,ุุุุุุุ
195,,2126819575,,Marco
196,,5385325255,,ูุฑูุฒู โ
197,ah_a0q,6208996464,,๐ด๐ป๐๐ด๐ท
198,ahmed991410,1724914072,,Ahmed
199,,5897789396,,ุงููุจูู ๐
200,,6030602937,,ุงูุนุงุดู
201,,6797218741,,ุฎุงูุฏ
202,,696105244,,ุฑโค๏ธูโค๏ธุงโค๏ธ๐
203,ssiiv9,671559363,,wi
204,,6860864889,,ูุญูุฏ.
205,,6111362507,,โ๏ธ
206,,6233241691,,ูุญูุฏ
207,agfvdh,5696539909,,๐ญแฏหนโ๐๐๐๐๐โ๐ชฝ หผ๐
208,,5056103577,,ุนุงุดู ุงููู
209,,5609906820,,ุงูุฌูููููุฑูููู๐ููููุญ
210,,1611138557,,omar
211,,6581769049,,ููุชูุจ ูุงููุจู
212,,532342593,,ุญุณูู
213,ss_lv,2122004266,,๐๐๐๐ แฏพ๏ธ
214,,1179852261,,MOHAMMED
215,mazen_kore,6699915103,,Mazen
216,,6748496511,,บุงุฑูุณู๐.
217,,5624968602,,ุฏูุงู
218,aqslfe,5662276350,,ููุข. ุญููฟ ุงูุง
219,,6008728446,,๐บ๐
220,A_cr888,2130364414,,ุบุบ/ุตููุฏููููโทยนยน
221,,6411563454,,ุดูุฎุตุจอกูโฆููฬ ููุขฺเขชูฬ....ใก
222,xr_l7,5902704862,,๐ฉโฎ๐ช -๐ยฒโฐโโ ๐บ
223,mnbvcxzqwertasdfg,6408817043,,ุญููุฏู
224,,5775912083,,ุนู ุงูุฏููุง
225,Ahmed1000002,818213190,,๐คุงุญูุฏ
226,Saho771188,7085155886,,ู
227,R00_f1,6994680760,,ุงููููุบููููุฑููุจ
228,Mohammedgh12,142106821,,mรฐลรmmรซฤ
229,,5995668027,,ูุฎุงูู ุงูููู
230,aboshamk11,5095758832,,ุงูููุงูู
231,ib80800,951574514,,ููุฌูุน
232,,5302601220,,ูุฌู
233,,682894866,,๐พ๐ชุขููููุจูุฑุขุณู ุขููููููุขูููู๐พ๐ช
234,alzyan,7065288807,,ุงุญุจุจูู ุดุฎุตุงู ูุงุฏููุชู๐ฅน๐ค๐ค๐ซ
235,X_t_hj,6821868505,,๏ปฃุฒุงฌ๏บ ๏บงเขชอขุงฌ..ุ
236,,6409994858,,ูุญูุฏ ุนุจุฏ ุงูุนุฒูุฒ
237,M77md112,1215656453,,M1
238,J93dm,1729761103,,Jalal
239,mmhs623,6456401389,,Maj
240,Abu_Hakan,677956772,,Abu Hakan
241,azd120,1431693093,,ุฎุงูุฏ
242,V_gn1,6953685507,,ุ
243,,5951190963,,alc4
244,,678365576,,ุนูู
245,,5795782768,,ูุญูุฏ
246,,5988928857,,ุงููููู
247,,6895183249,,ุงุจู
248,,6161411237,,ุงุงุงุง
249,aegid,1002052845,,ุจุฏุฑ
250,,6001369684,,ูุฐููุฉู
251,,7130923024,,Mohand
252,ahhmm877,659338185,,ุงููุงูููุฉ ุตูููุนูุงููู
253,,6602110260,,O
254,Nathor_01,1918330797,,MT.
255,GA_m219,6605055436,,ุญ
256,,6821889846,,ูุจุฑูุงุก
257,,6769510774,,ูุง ุบุงูู ุดุบู ุจุงูู
258,,6727090499,,ุงูุง ุญุณูู ูุฑุญุจุง ูููููู
259,,5293107457,,ุงูููุงุฌุฑ
260,Reemhd,6192266688,,R
261,,6654398779,,ูุงุดู
262,V_I_P_90,6288813466,,ุงุณุงูู
263,,6765852511,,ุงุจู ุงูุนุฒ ูุงุตู
264,,6682878452,,แดนแดผแดดแดฌแดนแดฑแดฐ ๐ธ
265,,1233006752,,ุญุณุงุจ
266,,6987779748,,ุญูุต
267,gwz_17,7045759039,,แฏฉูขฆยน|:๐กกโฌฅ
268,abud735,542069437,,ุนุจูุฏ
269,,6653706941,,ูุฌููู
270,Mmoo6677,798290296,,Mohammed
271,Albaroon0,994663370,,Albaroon
272,,7064501435,,ุงู
273,,6855539692,,ุบุงูุจ
274,,6777730399,,ุงูููุงุฏู
275,wij3i,5883258779,,.
276,,6463372129,,ุญุณุงู
277,a43dd,5812132121,,ุตูุช
278,,7007993144,,ุงุญุจู ุจุนุฏ ุนูุฑู
279,Adzem2,5100904789,,Azn
280,,6721474328,,ุงูุจูุจ
281,,7121226350,,Bolbo
282,Tofukp,5972296061,,ุงูุงุณุณุทูุฑู
283,,6339035709,,ุงูุฐูุจ ุงูุฐูุจ
284,,7149564092,,ุงุจู
285,,7059737399,,ุงุจูุนูุงุฑ ุงููุฌุฒู
286,,6034758518,,ุงููู
287,nursebecky17,6530231808,,Becky
288,sagild,6581240313,,ุณููุฑ
289,,5446881657,,ุนุงุดู ุงุตูุช
290,hshaaam,5158583679,,ุงููุชุงูู
291,,5018149545,,M
292,,5244764597,,Sanad K Abu Shalfh
293,ebnzaher_1,5472714026,,ebn
294,Rami7tl,1823882698,,Mr. ramy
295,,6170501567,,ุฌูุฏุงู
296,,7136263600,,hossam
297,Pouth0975w,6486523340,,ยฅยฅ^-*
298,,601573333,,ุงุจู ูุญูุฏ
299,,1804515779,,ุงูุญุงูู ุดุฎุตูุข
300,,6648468945,,ูู ุงูููุจ ุงูุง ุงูููุจ
301,,6854436288,,ูุฌููู
302,,5688631652,,ูุญููุฏ
303,,6903652487,,๐พ๐ช๐พ๐ช๐พ๐ช
304,,5237608994,,M
305,,6477019765,,ุงููุณูู
306,,6926355305,,ุตูุตู
307,,7147040285,,ููุณู
308,,6814199642,,
309,,6356547341,,ุง
310,,5689769217,,ุตูุฑ
311,,6256124624,,SA
312,,5664724895,,...
313,,5811630100,,Mohammed
314,,6063977336,,ูุฎุงูู
315,,939040319,,ุฒูู ุงููุญุจูุจ $1000 $
316,,1791916334,,ุงุจู
317,egp_5p,1908222259,,ZAID
318,,5490661328,,ุญุงุชู
319,,6406773763,,.
320,,6800291727,,ุจุณุญู ุ
321,,6596669440,,๐๐
322,,5181022342,,Business
323,,6023462733,,ูุญููุฏ
324,,1829135487,,Ashraf
325,,1380164665,,โค๏ธ
326,xmeen_10,742439826,,A>
327,,6776841718,,ุงูุช ุงูุบูุง
328,bohson1,1764839186,,ABO HASON
329,,6294414673,,ูููู
330,,6130704007,,ุญููููููููููููโูููููููููููููู โจ
331,,6117063252,,ูููููููู
332,,5534329545,,ุนูููู
333,Y_i_5_18,6121033476,,ูุงูู ุงูุงุญุณุงุณ
334,,1883283839,,ุญูุฒููููู ุนููุฆ ููุฑุขูู ุขููุขุญูุจููู
335,,6456107752,,ุงุณุงูู
336,,5153665923,,ููุซู
337,,6611947543,,๐น๐น
338,,6856672625,,Said
339,,5578935162,,ูฑูููอกูฑุฏูฬโ โโ
340,,6453348915,,ุงูุญูููููููููุชโฅ๏ธโค๏ธ๐ช
341,abassxfr,192158484,,ุงุจู ููุงู โค๏ธโค๏ธ
342,Rp376,926802277,,ุญุถุฑูู
343,,6693924898,,ููุช ุจุณ
344,,6646910545,,ุงููุฑ ุจูููู
345,Alghamth2024,667428016,,ฺชูุจููุฑููฑุก ุตูุนููฑูู ุ๐๐ธ โโฃ
346,,6541550569,,ุงุจููุญูุฏ
347,,6753432340,,My
348,,5796955004,,Mohamed
349,Jikchuv,6679839975,,ููุฑู ุงูุณุนูุฏูู
350,,6535686034,,Quosi
351,ncis80,764782948,,..
352,,6791855704,,ุงุณูุฑ ุงููุฏุฑ
353,,6368437403,,...ุุุ
354,,1738119023,,Abad
355,,5623997231,,ููุดู
356,Lokeiiiiii,6049345324,,ุชุนุจุช
357,,6444689639,,.
358,Mo77mo77mo,1298655441,,ุญุถุฑูู
359,,6480057493,,.
360,cwsa99,6367856816,,11:11
361,,5835420846,,ุขูู ุจูุช ุงูุฑูู
362,,7193145397,,ุฅุจุฑุงููู
363,,5640420139,,๐ฅ๐ฅ ุดุนูู ุงูุนุงูู๐ฅ๐ฅ
364,Hanadi128,6195305105,,ูู( โ๐๐ฉ๐๐โ)ูุคุฏู๐ฅฐโฅ๏ธ
365,MOooz_2023,454125239,,ยญ ยญ ยญ ยญ- หผูุจููู_ูู_ุชุนุฒหน โธ.
366,mrmmash,1097480119,,M
367,,7188802374,,ูุดุนูู ุนุดู. ๐ฆ๐พ๐ช .
368,Dgghhgx,6309353148,,yahayqsy@gmail.com
369,jawaliYE,1353374262,,jawali
370,,7185777305,,ุบุฑูุจ
371,vta515,6411448605,,ูุทููุฎ ุดุจูู
372,,5777511264,,ุนูู
373,,6420684465,,ูุญูุฏ
374,,7079425188,,ูุชู
375,,7026692961,,
376,v_vr123,6884115643,,ุงูุจูุฏุฑยนยนโเธฑ๐ฒ
377,,5787890342,,Yow
378,,6954862696,,โค๏ธ
379,,6140057940,,ุ๐
380,,979676901,,mak
381,,6407443564,,ุงุณูุฑ ูู ููุงู
382,,6085370660,,ุนุงุดู
383,bera055,2082144490,,ุงุจุฑุงุฑ
384,xa575ax,2049978596,,Ahmed Al-Mazdawi๐ฑ๐พ๐ฅ
385,,6479117587,,ุงุจู
386,,1324508365,,ุนุงุจุฑ
387,,6579573280,,ุงุญูุฏ
388,,5117499172,,Ahmed
389,shda1400,495993305,,ุณุจุญุงู ุงููู
390,,1714277219,,.
391,,6640191516,,ุขูููููุขุฏู
392,mucizedoktor25,5696246109,,mucize
393,as77em,2008265502,,..
394,,6634650607,,ุงูุญูููู
395,G11229988,6050175221,,ููุจุฉ ููุงูู ุนุณุฑ
396,,1972337092,,๐ณ๊ช๐ด๐ฝ๊ช
397,,6661691851,,ุญุณูู
398,argdvb,1599307102,,ร
399,,6816301026,,Mmj
400,Adn010an,6776583075,,Adnan
401,oo9op233y,6513559877,,ูฬูููฐุณุ ูุถูอกูฬฎูููอขฬ๊ซููููอูููอ๐
402,,2146742413,,ุณูู
403,jo0o_esam,6830420989,,Jooo
404,,5464369256,,ุงููุญุจูุจ
405,gh09h,1428969242,,ุขุฏู
406,ArefAli1993,1861480991,,ุงููุงุฏู
407,,5815799568,,ุงูููููู
408,,1101920430,,ุดูุจูุฑ
409,a6ha7,6893278740,,AHMED
410,,6289775543,,ุงุจู
411,,6911887352,,ูุงุฑุงุนู
412,,5382552637,,Koko
413,sameesy,6203216673,,ุณุงูู
414,,7189741705,,Mohammd ALi
415,,6541043806,,ุงูุฏูุชูุฑ.....ู
416,Aerm_2,5881624845,,Darwen
417,,6622973156,,Google
418,,412647674,,..
419,,1991022548,,ูููู
420,,6767832109,,ุชุฑูู ุนุจุฏุงููู
421,,6331799447,,ุงููู
422,Mtwaklin,6895553859,,ุงุงุง
423,,5693962135,,ุงูุฑู
424,,6499515456,,ูุทุงุจุฎ ุงูุฑูุงุถ ุงูุญุฏูุซู
425,,6218526574,,M
426,,5933221453,,ูู
427,cears_2,5348686087,,ููุฎูุงูุฉุฉ ุนูุจููุฏ
428,,6738927483,,ยซููููฐูฐฌอููฐฌูฑูญูููููููููฬธฬูอขูููฑฺูยป|
429,,5744084203,,ุงุณุงูู
430,,7039356406,,ุงูุจุฒู
431,Guno90_1,6395659491,,- ุฅุณุจุฑูู.
432,,5885769894,,ziad
433,Odont2,307513755,,Dr/Ammar
434,,7036426674,,ุงูุนุฒุงูู
435,yu_a20,6768779821,,ูููุงูุฏ||ยฒโต'โด๐
436,,1458817384,,Mohamed Ibrahim
437,,1427439178,,Mohamed Altweel
438,,6961868610,,
439,,6653742301,,ูุญูุฏ
440,,1824937156,,โข
441,zaqeq1,774412091,,ูุง ุดูุก
442,,1869781027,,ุงูุฌููุฑ
443,tlii2024,6546091829,,ุณููููููููููููููููุฑุงูุนุดููููอกููฬกูฐูุงู ๐
444,sndnb,1139309124,,ะฝฬฬษฬฬsะฝฬฬeะผฬฬ
445,ahmmdyy,5701118203,,.
446,,6162131735,,ุงูู ุณูู
447,,5892360715,,ูููู
448,Satttthgn,919979868,,ุณูู
449,,6752399177,,ูุญูุฏ
450,Olfll,6947404354,,ุน
451,,6114610949,,224
452,H77154,5917524372,,ุงุจู ุงูุนูุงุถู
453,,6445347702,,ูุญูุฏ
454,,6435145243,,ุงุจู ุฒุญุฒุจ ุงููู
455,,6489717454,,ุงุงุง
456,,5883438042,,ูุนุฏ
457,,5811888458,,(โทโฟโท) (เธยดฯ`เธ) (เธยดฯ`เธ)
458,GhamdanMahdi,6711977798,,โฃ๏ธููุฏูุขูููู
459,,6775565437,,ุชูููู ุงูุญุงุฌ
460,,5024030147,,M
461,qooiinaber,6769271412,,/////
462,,5111203800,,M
463,,6810422195,,ูุญูุฏ
464,,1997656595,,ุงูููุจ ุงูุญููู
465,,5140569481,,ุงูุฎููุฏู
466,,6184524020,,ุงุณูุฑ ุงููููุจ
467,U0A0E,7125042281,,K
468,,6815475207,,ุงูุฏูุชูุฑู ุนุจูุฑ
469,,7144404292,,Ahmad
470,Cagchv,6399595056,,ุงููุงู
471,,6636349649,,ุดููุนู๏นปูชูญโชฌซซฌซชููญโชฌซซฌซชููญ๏นปฌูุฑุงูู
472,tfer666,6939666366,,ูุดุงุฑู
473,,6351518800,,ูุชู ุงููุญุจู
474,,6884558576,,ุงูุณุงุญุฑ ุงูุงุณูุฏ
475,,5428580082,,ุญุจูุจ ุงูููุจ
476,,7143773415,,HOSSAM
477,,6854773307,,ุจููู
478,Torilt1998,6378448541,,ุฌููุฑ ูููุงูููู ๐ฑ๐พ
479,,1575160078,,Himo
480,,6296225070,,ุญุงุฒู
481,,6281631366,,ุงูุทูุงุฑ
482,rrgju,5367328795,,ูุดุฎู ุชุนุฒู
483,,1330433381,,^~`^
484,,6368798442,,.
485,,6689058808,,๐ค
486,,5277069753,,Anas
487,,1679090963,,mm
488,,768527759,,โฆ
489,,1255550182,,ููููููููููููููููููููู
490,Rakan2022,7156281199,,ูุจุฑูแฉฌุงุก ูแฉฌูแญญุงููแฉฌโฅ๏ธ ุ
491,Midomod,7121380535,,ููุฏู
492,,6875635888,,ุญุณูู
493,ALraaess,837432758,,ุฑุฆูุณ ุฌูููุฑูุฉ ุงูุชููุฌุฑุงู
494,Hghgask,1634277379,,โง
495,,6123983187,,ุง
496,,307466304,,ููุขุฅุฃุชูู.ฬทฬทฬธฬทฬููู ุฃููุดูู๐ชููููุขุฅุฃุทูููู/ููููู
497,,5339658121,,!ุงุจู!ุงูุงุตู9ู...!ุ๐ค๐ฆ๐ช๐ฆ๐ช
498,YyeAlcont7,6819848026,,ูุญูุฏ๐ฉหนสแดแดหผ๐ช
499,lal7797,882517180,,alia
500,,5528404718,,ูุตุทูู
501,,5736171272,,mohammed
502,vyujvt,2125146675,,(ุงููููููุฑุชุงุญ)
503,,6466459066,,ุงูุงุณูุฑ
504,,1094043085,,ุตูุช
505,,5001241138,,๐
506,,6343550170,,ุงูุงุก
507,ggshdsgh,5583834792,,ุตูุนุงุก ููุจู
508,,5540930736,,ุงููููููููุจูููููููุฑููููููููุณ
509,,6854440608,,ุนุทุงู
510,,7093358306,,
511,,7196610963,,ูู
512,,7110707305,,ุญูููุด ุจูุฏูู
513,,6504664881,,ุจู ุฌููู
514,zaenaliali,1400463062,,ฺฺูููจ  ึผ
515,Hnan123459,5977616453,,##
516,Hmaia,210995790,,...
517,,6305669141,,..
518,,6765222762,,ุฃุตูููู ๐คโจ
519,Hza66655,5903587027,,Hamza
520,,5552751858,,ุงูุฌููุชุฑ
521,Jhhhh0,407751701,,Eng mo
522,,6209071182,,ุุ
523,,5426787881,,**ุงููุฌููู**
524,n7ak7,668419276,,n7ak7
525,Bfqu1,1177116937,,ุดุงูุฎ ุดููุฎ
526,a42_1,1888189594,,๐ป๐ถ๐๐ถ๐~
527,,6621955974,,ุนุจูุฏ
528,,6475015656,,..
529,,6985782427,,ุงุณูุฑ ุงูุดูู
530,,6404099870,,โ๏ธปฬท โป โโไธ
531,,6757146804,,โ๏ธ๐ฆ
532,,2097156441,,MO
533,ANmwl,5753553649,,ูุงูุฑ
534,,5295948379,,๐ฅ
535,,6006661530,,Abdou_16_k
536,,1352099341,,A.....
537,,5198329361,,ุญูุฒู
538,DTFKV569,6162018586,,๏ปฃูู๏บทููฅููอกฅฬฃูููโู๏บูฺชูููเงฃอเนูฐููููู๏บณููู ๐ค
539,,6220968769,,ุงููุฑุงุฑ
540,sraea_51,1847177597,,"ููุณุทููู ""ุฏุฑุน"""
541,s_S_SshH,1697913304,,H .S
542,,6474438291,,ูุตู
543,dfghcdc,5963771769,,Ahmed abdula
544,,6505533206,,ู
545,omarrrr1122,1826965494,,Omar
546,,5326668348,,ุงุงูุงุณุทูุฑู
547,g_d699,5092495779,,Gentleman
548,,1136102246,,ูุฑุงู
549,Ohttphh,5045263919,,ุงูุงุณู
550,msaed5110,1816164635,,Msaed
551,,6961647811,,ุง
552,,7133138685,,Eng.Osama
553,,988172002,,....+โฅ
554,,5555515667,,ุงุญุชุฑู
555,,6375040449,,ุจุทูุท
556,,6066835144,,ู ูุฏู
557,ugufufgii,6816714712,,ุงุณูุฑ ุงูุดูู
558,,5131452246,,ุณุงูู
559,,5812594003,,ูยูููู๐ฉ๐๐รl Jรธkฤrโฝโข๐โ ๐โ๐ฎ๐ฒ โธโง โ โ แตอขุ
560,,6506370856,,Abood
561,,5226808276,,โ๏ธูุญู
562,,5544062046,,Jim
563,,6609790380,,ููููู
564,,5107457979,,ุงูุดูุฎยปโยซ
565,,5916856941,,Qqq
566,Fatema0966,5717031577,,"""โูุง ุดูุก ููุดุจูู ููุจูุง ูุงูุช ุชุฌูุฏู ุจูููู ุดูุก """
567,,7076266431,,Kaly
568,Yahya_oTo,6943122145,,สแดสสแดย
569,,6793461661,,ใใใุนูุจูููุฏู
570,,5917065677,,ูุฒู
571,grgjyf,5023963695,,ูู333
572,,1259029300,,ุฐูุงุฑู ุดุงุงุงูุฎ
573,,2141583702,,๐ค๐ค
574,,5582312226,,ุณููุฑ
575,,6801469530,,โค๏ธ
576,,5025362044,,ุฃุณููููุฃ ููุขุชููููุฑ ุจููู ุุ ููููู ุฃูู ุชููุจูุญูุซ ุนููู ููุจูุฑุฑ ูู ุบููู
577,,6883667027,,ุณุนูุฏโน โX ุ| ๐จ๐ญ๐ค
578,,7077109779,,Erffg
579,,5414689957,,ูุฌุฑูุญ
580,,6932460171,,ูููุงู ุงูููุงูู @
581,,6815009642,,ุงุณูุฑ๐งโโ๏ธ ุงููููุจ๐ูุนุดู๐ง๐ปโโ๏ธุงูุฏุฑูุจ๐ช
582,,6656075606,,ุงุจู
583,,6501749103,,ุงุจู ุงูุงุฏ
584,,6055861845,,ุงุจูุนุงุฏู
585,,6709475496,,ุจุญุฑ ุงูุงุญูุงู
586,Ma_ta705,722194439,,M
587,,5126736691,,ุญููุฏ
588,,7035676431,,ูุงุณู
589,,6508207382,,Sam
590,Dshodhdj,5381030203,,๐๐
591,,1985892326,,ูุญูุฏ ุดุงูุนู
592,,5508290999,,ุงุตุจุฑุฌููู
593,,6066602248,,ููุจุฉ
594,,5421751830,,๐ฆ
595,,6501795781,,๐ณ๐๐ฌ
596,,5813134159,,โฅ๏ธ๐ฅฐ
597,Qplas,164780847,,ุฑููุจ |
598,mxsg18,5952510151,,แฏ|๐|โยฐโขุนุฒุฑุงููโขยฐโ|๐|โถ
599,,6639419811,,meboo
600,,5589611997,,19434
601,,5515270573,,cbhfdhuf
602,,6186602321,,.
603,,6073899822,,ุญูููโฅโฅโฅ
604,,6590276471,,ุงู
605,,7114561647,,โคโกโค
606,sbwry_18,5869293187,,ุตุจูุฑู
607,,1510822615,,ุนุงูุด
608,Nageb23,1571773586,,แแฉGEแท ๐ฌ.
609,,7099269737,,ูุงูุง ุนุจุฏุงููู ุงูุนุจุณู
610,,5665174019,,ุฎุงูุฏ
611,,6562788659,,ุงุณุงูุฉ
612,,6120070505,,ุงุญูุฏ
613,rqyhr,6577808029,,๐๐๐๐๐๐๐๐
614,,7149812840,,ุงูุนุงูู
615,,5694362490,,ุงูุฒุนูู
616,KV_P2,6637450599,,ููุงฌุชูฟูููููููสฬค๐ธูู.:
617,,2061065791,,โข โโโโโจ ุฉ โฝ๐โโฃ
618,,6226726790,,
619,,6113384823,,"ูู,ูุดู,ูุขุนู,ูุฑ ูู,ูุชู,ููู,ูุขูู,ูุถุฉู"
620,,5874381521,,โกูููฺฏ ุขูุขูุขููโโ
621,aacjhg,6740506709,,ูุดุนู
622,,7004887405,,Ans
623,,6944696141,,ูุญูุฏ
624,ta_ha1,1423964242,,taha
625,,5998756433,,ุฒูุฏ
626,,6207096169,,65999
627,shkzq,2097867098,,ุบุฑูุจ ุงุฏุงุฑ
628,Boke009,1718079097,,Holly Fun
629,mmmnnbk,5372871740,,ููุฐูุนู
630,Cdfgjkj,6363868607,,M_4
631,,6815261005,,ุนุงุดู ๐ฅ
632,,1122558447,,๐ข๐๐๐๐ ๐น๐ท๐พ
633,,6874169352,,DARWISH
634,,5387336384,,ุงููุฏูุฑ
635,b7_ad5,6365437474,,๐๐๐๐ฎ๐ฅ๐ฅ๐๐ก
636,,1951989504,,$ $
637,AliBBBsj,6009756094,,ุดุฎุตูู ูููู...ยฅ
638,,685910676,,ํ๋ฆฌํฐ ๋ณด๋ฌผ
639,,6242031470,,!
640,,7082197070,,ูุฌู
641,Mohammed_123405,6609579996,,M
642,,6858035306,,ุงุญูุฏ
643,,6133755815,,ุงููุฑ
644,,5950226182,,ุงูุญูุฏ
645,,5006075589,,๐๐
646,,5829115907,,ุงูุงูุจุฑุงุทูุฑ
647,ll_wra,5334457959,,H
648,,7126663710,,ูููุงูููููููโโกโข
649,Alatifi2023,6510759576,,@
650,r78001,6313500356,,.......
651,Nagham19980,6977366353,,ูุชูุฑุฏ
652,,6805039528,,ุงููุงุฎุฑ
653,,6324041995,,....
654,,5558330241,,ุุุุุุ
655,,6067425275,,ููุณู
656,,7155634066,,ุฒูุฒู
657,,6860100950,,Parvin
658,,1137361275,,Hassan
659,,7008417806,,ุงูุญูุงู
660,,5758499477,,ุงููู
661,,6163017029,,ุงููุงุฏ
662,d777ii,1677937902,,ุฏุญูู
663,,6922668197,,ูุฌูููู
664,,6815923549,,ูุญูุฏ ูุญููุฏ
665,,7106116499,,Sacam
666,,6436456149,,ุงุจู ุนุจุฏุงููู
667,,5894609406,,...โฅ
668,,6033674326,,ุงุจู ุนุฏู ุบูุฑ โโ๐ค๐๐
669,Jajdzz,5264887527,,- ๐ฐ๐ป๐บ ยป๐๐๐fยปเฟ TG
670,Roooog2014,6967132525,,ุตูุชู
671,,5569564682,,X-fรคฤฅmลทฤลฤฅลรขf-x
672,,6649042809,,ุงุณูุฑ ุงูุงุญุฒุงู
673,zentane99,1935846356,,รbdo
674,,6264772388,,Haydar
675,,6711246314,,ูููููุฑุง
676,,808117648,,๐ฆฎ
677,,5965435682,,Mm
678,,5005177959,,Mahmoud
679,,6772946951,,ูุฑูู ุงูุณูู
680,,6288075298,,..
681,,5918971608,,ุขูููุฏ ุขูุขุดููุฑ
682,,6259066805,,Aymen.....
683,,6194037363,,asola โฝโฃอ๐งธ๐ค
684,FFFFP00,5441164047,,โขแฏ๐ฉหนโขูฬุณุชุดุงุฑ ุงูุญููููโขหผ๐ช
685,,6687547802,,ุงููุฑูุฏ
686,abo_omar540,1715640620,,Abo Omar๐ต๐ธ
687,,6398204759,,ุงูููุงุงุงุงุงุต
688,B2shaaa,5219431963,,Bashaa
689,,5800104457,,ุงุจู ุฌูุฏ
690,,153089313,,ุนุฑูุงุช ูุญูุฏ
691,,6713258553,,โจ ููู.ุงููุจุฑูุงุก๐๐ธ
692,j_q_135,1661273571,,ูุงุญูแฌผูุฏ ูู โฃโูู ุงููแฌผููุงุณ
693,,6263706170,,ูููู
694,,5479307939,,ุนูุฃููููฺฉู ุฃูููุฎููุฃูุทูุฑ
695,,6408243342,,ุจูุช ุงูููู
696,,6883228595,,ุนุฏูู ุงูุญุธ
697,,6343112322,,ุฑููุจ
698,,6706632228,,(โโฟโ)
699,JessieFrami114,5287063896,,{A}
700,,5440140553,,ุนู ุงููู
701,ABDOUsghir,7180280766,,ุตููููููููุฑ
702,,6992354050,,ูุงูุฒ
703,veryliar,1049413077,,ู
704,,6895750567,,Krarraz
705,,6692364733,,ุงูุงูุฉ
706,,6739410488,,M H
707,jjjjjjjjjfhhkn,6444383723,,ููแฌผูฐูฐูฐูฐููุฎูอ๐โเฅูุชูชููููููฟูู๐
708,,5247564929,,ุดูุฑูุงู
709,,6730078278,,โฅ๏ธ๐
710,MxabD2,5968955429,,๐คูุญูุฏ
711,llxx0000,5894252074,,๐ช
712,,7100608841,,ุงุจู
713,,6411600338,,A
714,,5759752399,,ุงุญูุฏ โซ {๐ถ๐ณโน}
715,,6965536727,,Ali
716,frin222,5747047087,,F
717,dhcjcj,1462779927,,ูููุตููุฑ ๐ฆ ุขูููููููููููู๐พ๐ชูููููููููุข๐พ๐ชููู
718,ABOAhffh,2059436907,,.../. ... ุบูุงุต ุจุบุฏุงุฏ .../ . ..
719,,5724997120,,Akram
720,,6543938944,,ูุงูู ูุงุฆู ุนุจุฏุงูุญููุฏ
721,Adffggad,597974070,,ุงููุฑุงุช
722,,5921204471,,ุนุฐุงุจ ุงูุช
723,,5538823686,,ุงุจู ุญุณูู
724,,6054604797,,Mohmd
725,,5264408049,,ุ........
726,,7063094675,,
727,,6393072184,,๐ธ๐พ
728,S_1S1As,6441938893,,ุณูููอขโฬทงเฝผููููชููุขู๐ค ๐ฃแฌผูฐโ
729,MS_SAjjad_4,6755197089,,S
730,aloalolx,1493983933,,ูุฑููู
731,,6866683655,,ุดุจู ุตูุนุงุก
732,,6629740940,,...
733,a_l_g_z_a_w_e,5109208283,,ุงุณูุฑ
734,,6875484431,,mmww
735,axo_35,6641097704,,๐ใ๐โโ๐โใใ
736,,6957537673,,ุงูููุงุฌุฑโโ
737,albahr7766,1328803063,,ุจุญููููุฑ
738,,5909620187,,ูุชูุฑ
739,,7178965793,,ุขูููููุฑ ุขุญู ูุจูู ๐
740,,5355153035,,ููุง
741,aqwemv,6344826900,,ุงุจุฑุงููู
742,,6302802641,,ุงููุงุฆุจ
743,Sbbsvvsvsb,6338409924,,ุดุฎุตูู ูููุฑู
744,,6428016313,,ุฃุจู ุงูููู
745,,5152804931,,ุนุจุฏู ุงููุฑููู๐ฑ๐พ๐
746,,5994376641,,Nassar
747,,7169199841,,ุงูุนููุงู
748,,6552120322,,ูุงุฑุณ
749,,5532581205,,ุบุฑูุจ
750,teefffoo,7170699250,,๐ก๐๐f๐๐ญโกึ
751,,6925906314,,ุฒูุฑู ุงูุฑุจูุน
752,,750021350,,ุงูููุงูู
753,,6587169321,,Majed Al-Suhaibi
754,,1319469134,,l
755,,6540000756,,M
756,,1481468884,,ุนููููููููุขุดูููููููููููููู ุขูููููููููููููุณูููููููููุชููููููููููููู
757,,6866899119,,ุนุงุดู
758,j0kuyan,1641811363,,Dr / Amran AL Shuya .
759,oxxiw,1202335732,,ูุดุงุบุจ
760,,5394769922,,ุทุจูุจุฉ
761,,5814224145,,ุฑุงุนู ุงูููู
762,,5322939845,,L
763,obabayh,6678749231,,ุบุฒูโโ
764,,6438026134,,Mohammed
765,,6554934510,,ูุฅุขุฅุขุฅุขูฬฬทฬธุฑู ุขอกฬฏูอกฬฏุขอกฬฏุนอกฬฏุฏอกฬฏุขอกฬฏุก ุขุจููููููู ุฒููู๏ฎุฅุขู
766,,6341175442,,ุฃุจููููุณ
767,,5355974107,,ุงูุทูุงูู
768,,7067927280,,.....
769,,6790418826,,ุงูููุจ
770,dhalia3,5282977109,,ู๐ต>ู ุถูุงููุนูู|ูููโโๅฌููููุงุฑฺชู|ูููหผแฏหนโดยฒ
771,,5023218883,,ููุงู ุฃู ุงูุฏููู
772,,6593610790,,Mohammed
773,,6693776314,,ููุญ
774,,6012126517,,Apet
775,,1916950556,,Mm
776,Mazen_bB,6654769438,,ูููููููฐูฐฌูููููฐูฐูฐฌููุงุฒู|โ;แฐ
777,,2044372441,,A
778,,6789476146,,ุณุจูุง
779,,6252070803,,ุงุงุงุง
780,,5674030473,,๐๐
781,,6810649921,,ุงููุชูุฑุฏ
782,,5920664325,,ููููููููููููููู๐
783,,6317828884,,ูุฎุงูู
784,,7120162840,,mostafa
785,t_76f,2006969983,,ุญุณูู ุงูููุณูู
786,,6726360828,,ูฑูููููุฌูููููููููฐูฐูฐูููููฐูฐูฐูโชแญูุฑูููููุญเธฃเธฑอกอ๐พ๐ชโูฐ ใก
787,ii_v1,5897572607,,๐๐๐๐๐ | ุงุญูููููุฏ
788,amradamda,5533920903,,ุนูุฑู
789,aram20001,6764562692,,ุนุจูุฏ
790,,6624138644,,โููุถูููููููู โขโก๐๐ฌ๐ฅ
791,,1014069200,,Rrrrrrr
792,almeranyaaa,6508373225,,ูููููููุฌููููููููู
793,,5658602680,,ุงูููู
794,Nooor_45,6437435712,,ููุฑุฑ
795,Azzouz1418,758802687,,ุนุนููุจุนุฒูุฒ ู โฌ ุงูููุฏููู๐ฆฆ..
796,,6855480676,,ุงุงุง
797,Q1w2e3r4t5y6u7i8oopp,1622767692,,ูููููููุฏเขชเน
798,,5958674892,,.
799,,6751576472,,ุจููู
800,xhvveg,6404090227,,ุงูู
801,cqeec,6768927715,,Mi
802,hstrh202,5859382935,,ูุฎุงูู
803,,2113316865,,โ๏ธ ุชูููฐุขุฌูง โ๏ธ ุฑูฐุขุณูฐูฐูฺชูฐเพูฐูฐู๐คโ๏ธ
804,,6337001317,,ุฐูุจุงู
805,O_m_g22,6526864750,,R
806,,1868759223,,ูููู
807,,7037085084,,.
808,,7133741018,,ยซูชุขูููููุขูููู โุขูููููููุขูููู ๐พ๐ช
809,,6120550608,,Kasim
810,,6914442251,,E
811,,6145429340,,ุงูุญูุงุฉุญููุฉ
812,HNTERsad,7055162841,,โขโโโโโก ๐ค
813,nhcjcjxuc14,5870662026,,kalmat
814,,6996626384,,57727
815,Albatar711,7091036448,,ุฐู ุงูููุงุฑ ูุงุชููุช ุงูุนุฑุจ ุงูุง ููู ูุชูุงููู
816,azxlliq,749636441,,เผ ุตูุนุง๏บูู ุตุง๏บุญุจ ุง๏บููุฎุง๏บููู เผ
817,alzulm,1485041278,,amir fi zaman alzulm
818,,6850460767,,Salah
819,,6122517709,,โฅ๏ธ
820,,5394155397,,Massi
821,,5462807339,,ุตุญุจูู
822,,7147147866,,โฅ๐ป ุงูููฆููอกูููููููฆููอกููููุชูููฆููอกููููุฑุฏ๐ปโฅ
823,SSFD6,1374307073,,ุงู ุบูุงุฒููโฅ๏ธ๐
824,,1656756097,,ุตุงุญุจ
825,,7099887898,,Ragheb
826,mo_sa2g,6554386749,,M
827,D7birg,7105005313,,ูกูก.
828,,5622734470,,ูุชูู ุงูุญุจ
829,,6946334915,,ุนูุฑู
830,,6661670811,,hp
831,,6402362865,,Krora_M
832,,6520600878,,ูุญูุฏ
833,cococo243,6158846224,,ูุฎููุทู
834,Aoohhs,5534837708,,ุญุฑูู
835,Abuamir2031,2032729018,,ุงูุญุจ
836,,1939595906,,ูุฎุงูุฉ ููุงูู
837,,2127873831,,ุฐุงู ุงูุดุจู
838,,5776206717,,ููููุขูู @
839,,5129512282,,ุน
840,ASRT567,5531090047,,ุฃู ุตุจุงุญ๐ฐ๐ผ
841,,5489816824,,ููููู ุขููุฐูููุจู
842,,5876645186,,๐
843,Yhxu27,6463372279,,ููุณู ุจูุนูุงุฏ๐๐ฟ๐๐ฟโโ๏ธ๐ฅ
844,,1197672494,,ุญุณุคูู ุขูุขููู
845,,1646948131,,ูุงุฏุฑ
846,mmmmmrrr12,6252673983,,ูุทููุจ ูุง ุงูุฏููู๐
847,,7028927869,,Ayouta
848,,5816614851,,....
849,,5880125343,,ุงูุจุฑูุณ
850,,6432701983,,Ab
851,,6529054190,,ู
852,,6995616892,,ุนุจุฏู
853,,6766197975,,
854,,6950743429,,ุญููุฏู
855,,5417335189,,ููุณ
856,Gh77ghh,2116219218,,โฌยฅ๐ค๐ฟ ุฃุณูุฑ ๐ฟ๐คยฅโฉ
857,,6549166405,,ูุง ุงุนุฑู ูู ุงูุง
858,,6196767627,,FARS
859,,6671069412,,ุงูุณุงุญุฑ
860,,6136435572,,ุงุจููุญูุฏ
861,,5765513269,,๐๐
862,,5828178760,,Habeba
863,,5085471463,,".,.....,."
864,,5730115266,,Moh
865,mhmedhd1,1442590642,,Mohemmed
866,,2012019837,,ุงูุจุฑูุณ
867,,7096474944,,
868,KS117799,142113433,,Bmw
869,Aqwqy,5465878243,,ุฅุฅฺฉููููููููููุฑฺพโตโน๏ธ฿ะฐ฿๏ขุ
870,,6478762940,,ููุณู ุนุจูุฏ
871,,7073881510,,ูููุฏ ุงูุนุฑูุจู๐ถ
872,suelh7,1244148052,,แแฏ แแฏ แป
873,,6693834069,,$
874,,6364846484,,Gas
875,,6706948660,,ู
876,F_A_R0011,7132630618,,ูฒููเขชุชูููแญูอููููู ฺฃุญูููููููููฬูอฅููููู
877,,1103500276,,....
878,,6409770140,,ุงูุงุณุทูุฑุฉ
879,NASSERpop,5208186788,,ููุณุทููู..ุนุฏู๐ซ๐ค
880,,6100270662,,ุฒูููููููุฑููุง
881,Fgynvb,6671953892,,ุงุณูุฑ ุงูุตูุช
882,,6579968959,,ุงุญูุฏุงูุฒุฑููู
883,z_z100,608143153,,ูุฅุฅุจูู ุจูููฺฏููโโ ุงููููุฑู โ โ๐พ๐ช::
884,H12_7A,6982252695,,. ุบูููุงฌุจู ููุณูุชูููเขช .ูญู๐กก ๐ตูญแฏคฬธ
885,,5840990933,,ูุนุฌุจูู ุงุดูุญ
886,A1_H2024,6731094905,,ููฬฎูอขุฌูโูอขููฬฬธูููู ููฬฎูอขูโููอขูฬฬธฺชโฅเผแตอขแตแตโฃโ
887,AL_Booos,5352102490,,ร_S_M
888,,5911553344,,ููโููููููโููโูุฒูุบูููู
889,,7087953914,,..
890,dnfowod,6097848308,,ุฌูุฏ
891,iguyffd,5143238896,,Mkjg
892,,7061575075,,ููู ))
893,,7122301169,,Yugiuy
894,,6755656793,,โ๐ฆโ๐ญโ๐ฒโ๐ฆโ๐ฉ
895,,6384982447,,Sakr
896,aboibrahim202,6833440310,,ุงุจู
897,ad1_2n,6300391932,,ุฑูุณููโูุชูุฑุฏ๊ซ.๐ฉหน๐๐ด๐ผหผ๐ช
898,,5217900400,,ุง
899,,1957522377,,ุจุฑูุณ
900,read_so,6621769138,,๐น | ๐น๐บ ๐ต๐ธ|
901,ahmaed123456,746851408,,Ahmed
902,,5956805750,,Osama
903,Anesthsiolgest,6554937468,,ุจุฏูู ูู ุงูุฌุงูุนุฉ
904,,6178774736,,ุณุณููู
905,,7125563747,,ุนุจูููุฏ
906,lop34As,1878011575,,Xcc
907,,6396588818,,
908,Mmm85236,6574712435,,Mmmmn
909,,6052752267,,.
910,,6304158650,,ุง
911,ayman772777,6236229164,,ุตูุนุงูู
912,MhmoodAuzaid,6426917624,,Mhmood
913,IYI_4,1495386962,,หน๐ฐ๐ผ๐ธ๐หผ๐
914,rtcjvh,5797575117,,ุขูฺคุขุฑ.๐ถโโ๏ธโ๏ธ|
915,,6806137285,,ุงุง
916,,6599165231,,Amir
917,,558623177,,ุฌุจู
918,,1394787944,,WAJED
919,,6213603614,,ูููููููู๐ููฺฉูโก ุจูููููู ุฃุฎููููููููุฃูููููููููยฐโก
920,,6673506219,,
921,,5842572623,,ููุซ 711
922,MHPWBGM,5926028073,,ููููููุช ููู ุงูุนููุฑุงู
923,,7063091744,,
924,,6464296090,,.
925,,6844362053,,Omar
926,,384944655,,ุตูุฑ
927,,5831776500,,Ebrah7m๐
928,,7016439286,,ูุน ุฃููู ูุงุฏููุงุก
929,,6704039948,,Mo
930,,5845638831,,t
931,,6631462008,,Meno
932,,2003254402,,Ramo
933,,6149267057,,ูุจุฑูููููููููููููููููููููุงุก๐พ๐ช
934,gvnkv,753613809,,ูุดูููุงฺฏู..โโก
935,,6678442205,,ุงูููุจ ูููุณูุฑ ูุงุฑุจ ุงูุฑุญ ููุจู
936,Mosa1,122866839,,kiเบเบ ึ โก๏ธ๐ฑฆ
937,,6507406509,,ุงุณูุฑ ุงูุงุญุฒุงู
938,hjjhij,5995296082,,ฤธะALฮD
939,,6659848943,,.
940,y0n6_7,1254937594,,.ุงูุณููุงุฑู'๐
941,,6515546623,,.
942,,7079641886,,YZAN
943,,1629702740,,ุงุจููู ุงูุดูู
944,,730185932,,#Ameer๐โค๏ธ#
945,,867674181,,ูุญูุฏ
946,,6858394238,,ุฑูู
947,,6081422999,,ุฑุถูุงู
948,,6902091463,,ุงููู
949,,5266497024,,ุง
950,,1862567650,,ุงุจู ุนูุงุฏ
951,,5651226404,,m
952,,6519273459,,ุงุจู
953,ffgxn,6231563117,,Alone
954,,5123114472,,ุงุจู
955,adaadaadaadaa,6540461502,,b
956,,2051904839,,๐๐
957,ppppp711,5806813574,,๐๐ฆ
958,,7119236006,,ุดุจู
959,RIKLMI46935,6624056749,,"ุณฃููฃุฏ ุขูู,ููู,ูุญู,ูุชู,ูุฑูู,ููู,ููู,ู"
960,Gadali11,1904086681,,gad
961,,7037440563,,ุนูู
962,,6196606523,,ูุงูุฑ
963,dodiy15,1178523006,,O
964,,1855487564,,ูุฑุฌ
965,,1601949649,,.๐...
966,,7091347364,,ุนูุฑ
967,,5999028173,,Mahmod
968,,5021753283,,ุญุณูู
969,Abboud980,1274607657,,ฺฏฬฬุจุฑูููุขุก ุขููููุฑู๐จโ๐ฆฑ
970,hlrshy,1783061053,,๐ซSh๐ซ
971,,5997196019,,ุฎูุขุทููู
972,,5409640686,,ยฅโููุงุฌุฑ^
973,mjnon_hooak,6873534411,,ููุฌู||ููููู ููููููอเนอกโููููฑูโฃโ๐พ๐ชโฃโ๐ค
974,,5802745467,,ุงุจู ููุงู
975,ghjkhfkfd,7057824440,,๐พ๐ชฺฉูุจูุฑููุขุก ููููฺฉู ๐
976,,6974443855,,ุนูุฑ
977,,6818969459,,Meto
978,,6058362503,,ุญุณู
979,,6037328691,,ุนุงุดู ุงููููู ๐คด๐ฅฐ
980,,6758447965,,ูุงุณู
981,,6921047893,,ูุฌููู
982,MarketingAmbassador,5875689308,,ุณููุฑุฉ ุงูุชุณููู
983,,5655031961,,ุญููุฏู ุงุจู
984,,2058759353,,ุงุงุงุงุงุงุงุ
985,Lilbrilt,6199859729,,Real
986,,5242107529,,Abdo
987,BaRjdj,1442189825,,adham
988,,6939102240,,ุตุงุฏู
989,,6724108331,,ุงุจู ุฌูุงุฏ
990,,5237706617,,ูุงูุฑ
991,,6405103976,,amada
992,,1396232972,,ููุงู
993,,6712598636,,ุจุฑูุณูุณุฉ
994,,6152668774,,ุฎุงูุฏ
995,,6721332090,,A
996,,6096129145,,ุนูู
997,,1123600713,,โค๏ธ
998,,5466183650,,Ahmed
999,,6977296064,,ูโปูุจูโปูุฏุขููโปูุฑุญูโปูููโปูููโปู
